state_code,county_name,superfund_site_count
AK, NOT DEFINED ,82
AK,ALEUTIAN ISLANDS,5
AK,ALEUTIANS EAST,8
AK,ALEUTIANS WEST,10
AK,ANCHORAGE,42
AK,BETHEL,6
AK,BRISTOL BAY,7
AK,DENALI,5
AK,DILLINGHAM,1
AK,FAIRBANKS NORTH STAR,19
AK,HAINES,3
AK,JUNEAU,7
AK,KENAI PENINSULA,7
AK,KETCHIKAN GATEWAY,6
AK,KOBUK,2
AK,KODIAK ISLAND,5
AK,LAKE AND PENINSULA,2
AK,MATANUSKA SUSITNA,4
AK,NOME,8
AK,NORTH SLOPE,31
AK,NORTHWEST ARCTIC,7
AK,PRINCE OF WALES OUTER KETCHIKAN,10
AK,SITKA,5
AK,SKAGWAY HOONAH ANGOON,3
AK,SOUTHEAST FAIRBANKS,14
AK,VALDEZ CORDOVA,12
AK,WADE HAMPTON,1
AK,WRANGELL PETERSBURG,7
AK,YAKUTAT,2
AK,YUKON KOYUKUK,17
AL, NOT DEFINED ,21
AL,AUTAUGA,2
AL,BALDWIN,6
AL,BLOUNT,2
AL,BUTLER,4
AL,CALHOUN,38
AL,CHAMBERS,2
AL,CHEROKEE,1
AL,CHILTON,5
AL,CLARKE,3
AL,CLEBURNE,7
AL,COLBERT,8
AL,CONECUH,1
AL,COOSA,3
AL,COVINGTON,1
AL,CRENSHAW,1
AL,CULLMAN,2
AL,DALE,4
AL,DALLAS,4
AL,DEKALB,3
AL,ELMORE,1
AL,ESCAMBIA,3
AL,ETOWAH,12
AL,FAYETTE,1
AL,FRANKLIN,1
AL,GENEVA,1
AL,GREENE,2
AL,HENRY,2
AL,HOUSTON,5
AL,JACKSON,5
AL,JEFFERSON,53
AL,LAMAR,1
AL,LAUDERDALE,9
AL,LAWRENCE,1
AL,LEE,2
AL,LIMESTONE,5
AL,LOWNDES,1
AL,MACON,5
AL,MADISON,15
AL,MARENGO,2
AL,MARION,3
AL,MARSHALL,5
AL,MOBILE,30
AL,MONROE,1
AL,MONTGOMERY,20
AL,MORGAN,6
AL,PERRY,1
AL,PIKE,1
AL,RANDOLPH,2
AL,RUSSELL,3
AL,SHELBY,11
AL,ST CLAIR,7
AL,SUMTER,1
AL,TALLADEGA,14
AL,TALLAPOOSA,3
AL,TUSCALOOSA,14
AL,WALKER,3
AL,WASHINGTON,4
AL,WINSTON,2
AR, NOT DEFINED ,7
AR,BENTON,1
AR,BOONE,1
AR,CALHOUN,1
AR,CLARK,2
AR,CLAY,1
AR,COLUMBIA,1
AR,CRAIGHEAD,1
AR,CRAWFORD,3
AR,CRITTENDEN,3
AR,CROSS,1
AR,DALLAS,1
AR,FAULKNER,2
AR,GARLAND,2
AR,GREENE,1
AR,HEMPSTEAD,3
AR,HOT SPRING,4
AR,HOWARD,1
AR,JACKSON,1
AR,JEFFERSON,6
AR,LAFAYETTE,1
AR,LAWRENCE,1
AR,LITTLE RIVER,1
AR,LONOKE,2
AR,MILLER,2
AR,MISSISSIPPI,3
AR,NEVADA,1
AR,OUACHITA,1
AR,PHILLIPS,1
AR,PIKE,1
AR,POLK,4
AR,PRAIRIE,2
AR,PULASKI,9
AR,SEBASTIAN,5
AR,ST FRANCIS,2
AR,UNION,8
AR,VAN BUREN,2
AR,WASHINGTON,2
AR,WHITE,1
AR,YELL,3
AS, NOT DEFINED ,10
AS,EASTERN DISTRICT ,4
AS,WESTERN DISTRICT ,4
AZ, NOT DEFINED ,23
AZ,APACHE,27
AZ,COCHISE,2
AZ,COCONINO,15
AZ,GILA,21
AZ,GRAHAM,2
AZ,GREENLEE,3
AZ,LA PAZ,3
AZ,MARICOPA,49
AZ,MOHAVE,8
AZ,NAVAJO,7
AZ,PIMA,24
AZ,PINAL,12
AZ,SANTA CRUZ,7
AZ,YAVAPAI,19
AZ,YUMA,11
CA, NOT DEFINED ,57
CA,ALAMEDA,48
CA,ALPINE,1
CA,AMADOR,3
CA,BUTTE,15
CA,CALAVERAS,5
CA,COLUSA,7
CA,CONTRA COSTA,24
CA,DEL NORTE,3
CA,EL DORADO,6
CA,FRESNO,35
CA,GLENN,2
CA,HUMBOLDT,14
CA,IMPERIAL,13
CA,INYO,5
CA,KERN,37
CA,KINGS,5
CA,LAKE,11
CA,LASSEN,4
CA,LOS ANGELES,305
CA,MADERA,3
CA,MARIN,8
CA,MARIPOSA,4
CA,MENDOCINO,9
CA,MERCED,3
CA,MODOC,1
CA,MONO,4
CA,MONTEREY,12
CA,NAPA,6
CA,NEVADA,7
CA,ORANGE,54
CA,PLACER,8
CA,PLUMAS,5
CA,RIVERSIDE,35
CA,SACRAMENTO,14
CA,SAN BENITO,3
CA,SAN BERNARDINO,93
CA,SAN DIEGO,68
CA,SAN FRANCISCO,15
CA,SAN JOAQUIN,11
CA,SAN LUIS OBISPO,4
CA,SAN MATEO,14
CA,SANTA BARBARA,9
CA,SANTA CLARA,63
CA,SANTA CRUZ,5
CA,SHASTA,12
CA,SIERRA,2
CA,SISKIYOU,10
CA,SOLANO,7
CA,SONOMA,19
CA,STANISLAUS,20
CA,SUTTER,3
CA,TRINITY,5
CA,TULARE,9
CA,TUOLUMNE,9
CA,VENTURA,17
CA,YOLO,8
CA,YUBA,2
CO, NOT DEFINED ,19
CO,ADAMS,16
CO,ALAMOSA,1
CO,ARAPAHOE,13
CO,BENT,3
CO,BOULDER,13
CO,CHAFFEE,6
CO,CLEAR CREEK,7
CO,CONEJOS,1
CO,CROWLEY,2
CO,DELTA,2
CO,DENVER,31
CO,DOLORES,1
CO,DOUGLAS,1
CO,EAGLE,5
CO,EL PASO,15
CO,ELBERT,1
CO,FREMONT,4
CO,GARFIELD,2
CO,GILPIN,2
CO,GRAND,2
CO,GUNNISON,6
CO,HUERFANO,2
CO,JACKSON,1
CO,JEFFERSON,16
CO,KIOWA,1
CO,LAKE,6
CO,LARIMER,16
CO,LAS ANIMAS,2
CO,MESA,8
CO,MINERAL,4
CO,MOFFAT,2
CO,MONTEZUMA,1
CO,MONTROSE,5
CO,MORGAN,1
CO,OTERO,8
CO,OURAY,6
CO,PARK,3
CO,PITKIN,2
CO,PUEBLO,5
CO,RIO BLANCO,1
CO,RIO GRANDE,2
CO,ROUTT,3
CO,SAGUACHE,6
CO,SAN JUAN,11
CO,SAN MIGUEL,12
CO,SUMMIT,9
CO,TELLER,2
CO,WELD,7
CT, NOT DEFINED ,10
CT,FAIRFIELD,55
CT,HARTFORD,67
CT,LITCHFIELD,13
CT,MIDDLESEX,14
CT,NEW HAVEN,65
CT,NEW LONDON,18
CT,TOLLAND,16
CT,WINDHAM,21
DC, NOT DEFINED ,2
DC,DISTRICT OF COLUMBIA,47
DC,WASHINGTON,1
DE, NOT DEFINED ,2
DE,KENT,10
DE,NEW CASTLE,34
DE,SUSSEX,20
FL, NOT DEFINED ,24
FL,ALACHUA,11
FL,BAKER,2
FL,BAY,5
FL,BREVARD,13
FL,BROWARD,42
FL,CALHOUN,1
FL,CITRUS,1
FL,CLAY,3
FL,COLLIER,2
FL,COLUMBIA,8
FL,DADE,1
FL,DESOTO,2
FL,DIXIE,5
FL,DUVAL,72
FL,ESCAMBIA,35
FL,FLAGLER,3
FL,FRANKLIN,2
FL,GADSDEN,2
FL,GULF,3
FL,HARDEE,1
FL,HIGHLANDS,3
FL,HILLSBOROUGH,81
FL,INDIAN RIVER,2
FL,JACKSON,8
FL,JEFFERSON,1
FL,LAFAYETTE,1
FL,LAKE,9
FL,LEE,2
FL,LEON,8
FL,LEVY,2
FL,MADISON,2
FL,MANATEE,8
FL,MARION,12
FL,MARTIN,5
FL,MIAMI DADE,69
FL,MONROE,4
FL,NASSAU,1
FL,OKALOOSA,7
FL,ORANGE,30
FL,OSCEOLA,3
FL,PALM BEACH,23
FL,PASCO,7
FL,PINELLAS,19
FL,POLK,32
FL,PUTNAM,5
FL,SANTA ROSA,6
FL,SARASOTA,11
FL,SEMINOLE,16
FL,ST JOHNS,2
FL,ST LUCIE,3
FL,SUMTER,3
FL,SUWANNEE,1
FL,TAYLOR,5
FL,VOLUSIA,9
FL,WAKULLA,3
FM, NOT DEFINED ,2
GA, NOT DEFINED ,25
GA,APPLING,2
GA,BACON,1
GA,BALDWIN,3
GA,BANKS,1
GA,BARROW,3
GA,BARTOW,9
GA,BERRIEN,1
GA,BIBB,17
GA,BULLOCH,1
GA,BURKE,3
GA,BUTTS,1
GA,CAMDEN,2
GA,CARROLL,6
GA,CATOOSA,3
GA,CHATHAM,23
GA,CHATTOOGA,1
GA,CHEROKEE,11
GA,CLARKE,7
GA,CLAYTON,7
GA,CLINCH,6
GA,COBB,31
GA,COFFEE,1
GA,COLUMBIA,1
GA,COOK,1
GA,COWETA,6
GA,CRISP,1
GA,DAWSON,4
GA,DECATUR,5
GA,DEKALB,30
GA,DODGE,2
GA,DOOLY,1
GA,DOUGHERTY,10
GA,DOUGLAS,13
GA,EARLY,10
GA,EFFINGHAM,1
GA,ELBERT,1
GA,EMANUEL,3
GA,FANNIN,1
GA,FAYETTE,5
GA,FLOYD,12
GA,FORSYTH,6
GA,FRANKLIN,2
GA,FULTON,110
GA,GILMER,3
GA,GLYNN,17
GA,GORDON,6
GA,GREENE,1
GA,GWINNETT,18
GA,HABERSHAM,1
GA,HALL,7
GA,HART,1
GA,HEARD,1
GA,HENRY,6
GA,HOUSTON,4
GA,JACKSON,5
GA,JEFF DAVIS,1
GA,JEFFERSON,3
GA,JONES,2
GA,LAMAR,1
GA,LAURENS,1
GA,LEE,1
GA,LIBERTY,6
GA,LINCOLN,1
GA,LONG,1
GA,LOWNDES,8
GA,LUMPKIN,7
GA,MACON,1
GA,MCDUFFIE,1
GA,MCINTOSH,1
GA,MERIWETHER,1
GA,MITCHELL,2
GA,MONROE,3
GA,MURRAY,2
GA,MUSCOGEE,7
GA,NEWTON,2
GA,OGLETHORPE,4
GA,PEACH,16
GA,PICKENS,2
GA,PIERCE,1
GA,PIKE,1
GA,POLK,8
GA,RICHMOND,21
GA,ROCKDALE,5
GA,SCHLEY,1
GA,SCREVEN,2
GA,SPALDING,4
GA,STEPHENS,1
GA,SUMTER,5
GA,TERRELL,2
GA,THOMAS,2
GA,TIFT,6
GA,TOOMBS,2
GA,TROUP,5
GA,TURNER,2
GA,UNION,3
GA,UPSON,3
GA,WALKER,11
GA,WALTON,5
GA,WARE,3
GA,WASHINGTON,3
GA,WAYNE,1
GA,WHITFIELD,16
GA,WILKINSON,2
GA,WORTH,1
GU, NOT DEFINED ,6
GU,GUAM,31
HI, NOT DEFINED ,4
HI,HAWAII,11
HI,HONOLULU,68
HI,KALAWAO,1
HI,KAUAI,7
HI,MAUI,6
IA, NOT DEFINED ,14
IA,APPANOOSE,1
IA,BLACK HAWK,2
IA,BREMER,1
IA,BUENA VISTA,1
IA,CASS,2
IA,CEDAR,1
IA,CERRO GORDO,5
IA,CLINTON,5
IA,DES MOINES,2
IA,DICKINSON,1
IA,DUBUQUE,3
IA,FLOYD,3
IA,FREMONT,1
IA,GREENE,2
IA,IOWA,1
IA,JACKSON,1
IA,JASPER,2
IA,JEFFERSON,1
IA,JOHNSON,5
IA,LEE,5
IA,LINN,4
IA,MAHASKA,1
IA,MARSHALL,2
IA,MILLS,1
IA,MONTGOMERY,2
IA,OSCEOLA,1
IA,PAGE,1
IA,PALO ALTO,1
IA,PLYMOUTH,3
IA,POLK,18
IA,POTTAWATTAMIE,2
IA,POWESHIEK,1
IA,SAC,2
IA,SCOTT,5
IA,SIOUX,2
IA,STORY,8
IA,WAPELLO,3
IA,WASHINGTON,1
IA,WEBSTER,2
IA,WOODBURY,4
ID, NOT DEFINED ,11
ID,ADA,9
ID,ADAMS,1
ID,BANNOCK,11
ID,BEAR LAKE,4
ID,BENEWAH,3
ID,BINGHAM,8
ID,BLAINE,25
ID,BOISE,5
ID,BONNER,8
ID,BONNEVILLE,1
ID,BUTTE,4
ID,CANYON,3
ID,CARIBOU,20
ID,CASSIA,7
ID,CLARK,1
ID,CLEARWATER,7
ID,CUSTER,6
ID,ELMORE,16
ID,FREMONT,2
ID,GEM,2
ID,IDAHO,20
ID,JEFFERSON,3
ID,JEROME,1
ID,KOOTENAI,8
ID,LEMHI,4
ID,LEWIS,1
ID,LINCOLN,1
ID,MINIDOKA,2
ID,NEZ PERCE,2
ID,OWYHEE,12
ID,SHOSHONE,17
ID,TWIN FALLS,7
ID,VALLEY,6
IL, NOT DEFINED ,13
IL,ADAMS,4
IL,ALEXANDER,3
IL,BOONE,9
IL,BUREAU,5
IL,CHAMPAIGN,3
IL,CHRISTIAN,3
IL,CLARK,2
IL,CLINTON,2
IL,COLES,2
IL,COOK,216
IL,CRAWFORD,1
IL,CUMBERLAND,3
IL,DEKALB,3
IL,DUPAGE,21
IL,EDGAR,2
IL,EFFINGHAM,2
IL,FAYETTE,1
IL,FRANKLIN,2
IL,FULTON,3
IL,GRUNDY,2
IL,HARDIN,2
IL,HENRY,1
IL,JACKSON,3
IL,JEFFERSON,4
IL,JO DAVIESS,6
IL,KANE,19
IL,KANKAKEE,5
IL,KENDALL,4
IL,KNOX,5
IL,LA SALLE,23
IL,LAKE,30
IL,LAWRENCE,2
IL,LEE,5
IL,LOGAN,3
IL,MACON,9
IL,MACOUPIN,1
IL,MADISON,17
IL,MARION,6
IL,MARSHALL,1
IL,MASON,5
IL,MASSAC,1
IL,MCDONOUGH,2
IL,MCHENRY,12
IL,MONTGOMERY,4
IL,MORGAN,1
IL,OGLE,3
IL,PEORIA,6
IL,PERRY,1
IL,PULASKI,1
IL,PUTNAM,1
IL,RANDOLPH,1
IL,RICHLAND,1
IL,ROCK ISLAND,10
IL,SANGAMON,6
IL,SHELBY,1
IL,ST CLAIR,43
IL,STEPHENSON,5
IL,TAZEWELL,2
IL,VERMILION,13
IL,WHITE,2
IL,WHITESIDE,6
IL,WILL,27
IL,WILLIAMSON,4
IL,WINNEBAGO,26
IN, NOT DEFINED ,18
IN,ADAMS,2
IN,ALLEN,10
IN,BARTHOLOMEW,6
IN,BLACKFORD,2
IN,BOONE,7
IN,CASS,2
IN,CLARK,4
IN,CLAY,1
IN,CLINTON,11
IN,CRAWFORD,2
IN,DAVIESS,2
IN,DEARBORN,2
IN,DEKALB,1
IN,DELAWARE,14
IN,DUBOIS,2
IN,ELKHART,24
IN,FLOYD,1
IN,FOUNTAIN,1
IN,FRANKLIN,4
IN,FULTON,3
IN,GIBSON,2
IN,GRANT,3
IN,GREENE,2
IN,HAMILTON,2
IN,HANCOCK,1
IN,HARRISON,1
IN,HENDRICKS,2
IN,HENRY,5
IN,HOWARD,16
IN,HUNTINGTON,2
IN,JACKSON,3
IN,JASPER,1
IN,JAY,1
IN,JEFFERSON,2
IN,JOHNSON,2
IN,KNOX,1
IN,KOSCIUSKO,4
IN,LA PORTE,18
IN,LAGRANGE,2
IN,LAKE,50
IN,LAWRENCE,3
IN,MADISON,10
IN,MARION,56
IN,MARSHALL,1
IN,MARTIN,1
IN,MIAMI,3
IN,MONROE,10
IN,MONTGOMERY,6
IN,MORGAN,3
IN,NOBLE,3
IN,OWEN,2
IN,PARKE,1
IN,PERRY,1
IN,PIKE,1
IN,PORTER,10
IN,POSEY,1
IN,PUTNAM,2
IN,RANDOLPH,7
IN,RIPLEY,1
IN,RUSH,2
IN,SHELBY,4
IN,SPENCER,1
IN,ST JOSEPH,21
IN,STARKE,1
IN,STEUBEN,2
IN,SULLIVAN,3
IN,TIPPECANOE,4
IN,TIPTON,1
IN,VANDERBURGH,4
IN,VERMILLION,4
IN,VIGO,16
IN,WABASH,1
IN,WARRICK,1
IN,WAYNE,3
IN,WELLS,2
IN,WHITE,1
IN,WHITLEY,1
KS, NOT DEFINED ,14
KS,ALLEN,3
KS,ATCHISON,1
KS,BARBER,1
KS,BARTON,2
KS,BUTLER,2
KS,CHEROKEE,3
KS,CLOUD,1
KS,COFFEY,1
KS,COWLEY,3
KS,CRAWFORD,4
KS,DICKINSON,2
KS,DOUGLAS,1
KS,ELLIS,8
KS,ELLSWORTH,3
KS,FINNEY,2
KS,FORD,7
KS,GEARY,2
KS,HARVEY,1
KS,JACKSON,2
KS,JEFFERSON,1
KS,JOHNSON,9
KS,KINGMAN,2
KS,LABETTE,1
KS,LEAVENWORTH,3
KS,LINCOLN,1
KS,LYON,1
KS,MCPHERSON,1
KS,MIAMI,1
KS,MONTGOMERY,8
KS,MORRIS,1
KS,NEOSHO,1
KS,OSAGE,1
KS,OTTAWA,2
KS,RENO,6
KS,RICE,1
KS,RILEY,1
KS,RUSH,1
KS,SALINE,16
KS,SCOTT,1
KS,SEDGWICK,10
KS,SHAWNEE,4
KS,SUMNER,1
KS,THOMAS,2
KS,WABAUNSEE,1
KS,WILSON,1
KS,WYANDOTTE,7
KY, NOT DEFINED ,16
KY,ADAIR,4
KY,ANDERSON,1
KY,BALLARD,3
KY,BARREN,2
KY,BELL,2
KY,BOONE,4
KY,BOYD,9
KY,BOYLE,4
KY,BRECKINRIDGE,1
KY,BULLITT,6
KY,CALDWELL,1
KY,CALLOWAY,3
KY,CAMPBELL,2
KY,CARLISLE,1
KY,CARROLL,6
KY,CHRISTIAN,3
KY,CLARK,1
KY,DAVIESS,6
KY,ESTILL,3
KY,FAYETTE,7
KY,FLEMING,2
KY,FLOYD,2
KY,FRANKLIN,1
KY,FULTON,2
KY,GRANT,1
KY,GRAVES,5
KY,GRAYSON,2
KY,GREEN,1
KY,GREENUP,6
KY,HANCOCK,1
KY,HARDIN,8
KY,HARLAN,8
KY,HARRISON,1
KY,HART,3
KY,HENDERSON,3
KY,HENRY,1
KY,HICKMAN,2
KY,JEFFERSON,43
KY,JESSAMINE,2
KY,KENTON,4
KY,KNOTT,1
KY,KNOX,1
KY,LARUE,2
KY,LAUREL,3
KY,LOGAN,3
KY,MADISON,10
KY,MAGOFFIN,1
KY,MARSHALL,12
KY,MARTIN,1
KY,MASON,2
KY,MCCRACKEN,5
KY,MCCREARY,1
KY,MCLEAN,3
KY,MONTGOMERY,1
KY,MUHLENBERG,4
KY,NELSON,2
KY,OHIO,4
KY,OLDHAM,5
KY,PENDLETON,1
KY,PIKE,4
KY,POWELL,1
KY,PULASKI,2
KY,ROCKCASTLE,2
KY,ROWAN,1
KY,SCOTT,2
KY,SHELBY,2
KY,SIMPSON,1
KY,TODD,1
KY,UNION,2
KY,WARREN,9
KY,WEBSTER,1
KY,WHITLEY,2
KY,WOODFORD,3
LA, NOT DEFINED ,19
LA,ACADIA,4
LA,ALLEN,1
LA,ASCENSION,6
LA,ASSUMPTION,1
LA,AVOYELLES,1
LA,BEAUREGARD,3
LA,BOSSIER,4
LA,CADDO,11
LA,CALCASIEU,14
LA,CAMERON,3
LA,CATAHOULA,1
LA,CLAIBORNE,2
LA,CONCORDIA,1
LA,DESOTO,1
LA,EAST BATON ROUGE,16
LA,EAST FELICIANA,1
LA,IBERIA,3
LA,IBERVILLE,5
LA,JEFFERSON,5
LA,JEFFERSON DAVIS,3
LA,LA SALLE,1
LA,LAFAYETTE,2
LA,LAFOURCHE,1
LA,LIVINGSTON,4
LA,ORLEANS,18
LA,RAPIDES,7
LA,RICHLAND,2
LA,ST BERNARD,1
LA,ST CHARLES,4
LA,ST JAMES,2
LA,ST JOHN THE BAPTIST,2
LA,ST LANDRY,2
LA,ST TAMMANY,6
LA,TANGIPAHOA,3
LA,TERREBONNE,2
LA,UNION,2
LA,VERMILION,5
LA,VERNON,1
LA,WASHINGTON,2
LA,WEBSTER,3
LA,WEST BATON ROUGE,6
LA,WINN,2
MA, NOT DEFINED ,20
MA,BARNSTABLE,15
MA,BERKSHIRE,19
MA,BRISTOL,44
MA,DUKES,1
MA,ESSEX,49
MA,FRANKLIN,4
MA,HAMPDEN,18
MA,HAMPSHIRE,11
MA,MIDDLESEX,108
MA,NANTUCKET,1
MA,NORFOLK,35
MA,PLYMOUTH,26
MA,SUFFOLK,18
MA,WORCESTER,54
MD, NOT DEFINED ,6
MD,ALLEGANY,1
MD,ANNE ARUNDEL,14
MD,BALTIMORE,33
MD,BALTIMORE CITY,18
MD,CALVERT,2
MD,CARROLL,3
MD,CECIL,16
MD,CHARLES,7
MD,DORCHESTER,3
MD,FREDERICK,4
MD,HARFORD,12
MD,HOWARD,1
MD,KENT,3
MD,MONTGOMERY,18
MD,PRINCE GEORGE S,21
MD,ST MARY S,3
MD,TALBOT,1
MD,WASHINGTON,5
MD,WICOMICO,3
MD,WORCESTER,1
ME, NOT DEFINED ,14
ME,ANDROSCOGGIN,7
ME,AROOSTOOK,6
ME,CUMBERLAND,20
ME,FRANKLIN,1
ME,HANCOCK,7
ME,KENNEBEC,8
ME,KNOX,4
ME,LINCOLN,2
ME,OXFORD,2
ME,PENOBSCOT,12
ME,PISCATAQUIS,1
ME,SAGADAHOC,4
ME,SOMERSET,2
ME,WALDO,3
ME,WASHINGTON,3
ME,YORK,5
MH,MARSHALL ISLANDS,1
MI, NOT DEFINED ,36
MI,ALCONA,2
MI,ALGER,3
MI,ALLEGAN,8
MI,ALPENA,7
MI,ANTRIM,4
MI,BARAGA,6
MI,BARRY,2
MI,BAY,7
MI,BENZIE,2
MI,BERRIEN,21
MI,BRANCH,4
MI,CALHOUN,26
MI,CASS,3
MI,CHARLEVOIX,3
MI,CHEBOYGAN,4
MI,CHIPPEWA,9
MI,CLARE,1
MI,CLINTON,2
MI,CRAWFORD,1
MI,DELTA,8
MI,DICKINSON,6
MI,EATON,4
MI,EMMET,4
MI,GENESEE,26
MI,GLADWIN,1
MI,GOGEBIC,1
MI,GRAND TRAVERSE,11
MI,GRATIOT,7
MI,HILLSDALE,1
MI,HOUGHTON,22
MI,INGHAM,8
MI,IONIA,3
MI,IOSCO,3
MI,ISABELLA,1
MI,JACKSON,12
MI,KALAMAZOO,17
MI,KENT,22
MI,KEWEENAW,5
MI,LAKE,2
MI,LAPEER,1
MI,LEELANAU,4
MI,LENAWEE,6
MI,LIVINGSTON,11
MI,MACKINAC,1
MI,MACOMB,26
MI,MANISTEE,2
MI,MARQUETTE,6
MI,MASON,4
MI,MENOMINEE,4
MI,MIDLAND,3
MI,MONROE,11
MI,MUSKEGON,20
MI,NEWAYGO,1
MI,OAKLAND,22
MI,OCEANA,1
MI,OGEMAW,1
MI,ONTONAGON,4
MI,OSCEOLA,3
MI,OSCODA,1
MI,OTTAWA,3
MI,PRESQUE ISLE,1
MI,ROSCOMMON,1
MI,SAGINAW,5
MI,SANILAC,1
MI,SCHOOLCRAFT,2
MI,SHIAWASSEE,2
MI,ST CLAIR,6
MI,ST JOSEPH,3
MI,TUSCOLA,1
MI,VAN BUREN,5
MI,WASHTENAW,18
MI,WAYNE,212
MI,WEXFORD,7
MN, NOT DEFINED ,13
MN,AITKIN,2
MN,ANOKA,12
MN,BELTRAMI,2
MN,BENTON,1
MN,BLUE EARTH,1
MN,CARLTON,1
MN,CASS,3
MN,CHIPPEWA,1
MN,COTTONWOOD,1
MN,CROW WING,2
MN,DAKOTA,9
MN,DOUGLAS,2
MN,FREEBORN,1
MN,HENNEPIN,43
MN,HOUSTON,2
MN,HUBBARD,1
MN,ISANTI,2
MN,KANABEC,1
MN,KOOCHICHING,1
MN,LAKE,1
MN,LE SUEUR,1
MN,LYON,1
MN,MARTIN,2
MN,MILLE LACS,1
MN,NOBLES,1
MN,OLMSTED,3
MN,OTTER TAIL,1
MN,PIPESTONE,1
MN,POLK,1
MN,RAMSEY,24
MN,REDWOOD,1
MN,RICE,3
MN,ROCK,1
MN,SCOTT,1
MN,SHERBURNE,1
MN,ST LOUIS,15
MN,STEARNS,4
MN,STEVENS,1
MN,TODD,1
MN,WADENA,1
MN,WASHINGTON,5
MN,WATONWAN,1
MN,WINONA,1
MO, NOT DEFINED ,11
MO,ADAIR,1
MO,ANDREW,2
MO,BENTON,1
MO,BUCHANAN,10
MO,BUTLER,1
MO,CAMDEN,1
MO,CAPE GIRARDEAU,2
MO,CASS,4
MO,CLAY,5
MO,CLINTON,2
MO,COLE,1
MO,COOPER,2
MO,CRAWFORD,1
MO,DADE,1
MO,DOUGLAS,4
MO,DUNKLIN,1
MO,FRANKLIN,8
MO,GASCONADE,1
MO,GREENE,14
MO,IRON,6
MO,JACKSON,30
MO,JASPER,6
MO,JEFFERSON,11
MO,JOHNSON,2
MO,LAWRENCE,5
MO,LEWIS,1
MO,LINCOLN,2
MO,MACON,1
MO,MADISON,2
MO,MARIES,2
MO,MONROE,1
MO,NEWTON,8
MO,PIKE,2
MO,PULASKI,2
MO,RANDOLPH,2
MO,RAY,1
MO,REYNOLDS,6
MO,SALINE,1
MO,SCOTT,2
MO,SHANNON,1
MO,SHELBY,1
MO,ST CHARLES,9
MO,ST FRANCOIS,14
MO,ST LOUIS,36
MO,ST LOUIS CITY,27
MO,TANEY,1
MO,TEXAS,3
MO,VERNON,1
MO,WARREN,1
MO,WASHINGTON,10
MO,WAYNE,2
MO,WEBSTER,3
MO,WRIGHT,1
MP, NOT DEFINED ,6
MP,NORTHERN ISLANDS,1
MP,ROTA,2
MP,SAIPAN,15
MS, NOT DEFINED ,7
MS,ADAMS,1
MS,AMITE,1
MS,BOLIVAR,2
MS,CLAIBORNE,1
MS,CLARKE,1
MS,CLAY,1
MS,COAHOMA,1
MS,COPIAH,2
MS,COVINGTON,1
MS,DESOTO,2
MS,FORREST,8
MS,GREENE,1
MS,GRENADA,2
MS,HANCOCK,6
MS,HARRISON,14
MS,HINDS,9
MS,ISSAQUENA,1
MS,JACKSON,10
MS,JASPER,2
MS,JEFFERSON DAVIS,2
MS,LAMAR,5
MS,LAUDERDALE,3
MS,LEE,3
MS,LEFLORE,1
MS,LINCOLN,2
MS,LOWNDES,6
MS,MADISON,2
MS,MARION,2
MS,MARSHALL,2
MS,MONROE,6
MS,MONTGOMERY,1
MS,PANOLA,4
MS,PEARL RIVER,9
MS,RANKIN,7
MS,SCOTT,1
MS,SIMPSON,1
MS,STONE,2
MS,SUNFLOWER,2
MS,TALLAHATCHIE,1
MS,TATE,1
MS,TUNICA,1
MS,UNION,3
MS,WARREN,6
MS,WASHINGTON,4
MS,WAYNE,2
MS,WEBSTER,1
MS,WINSTON,1
MS,YALOBUSHA,1
MS,YAZOO,2
MT, NOT DEFINED ,10
MT,BEAVERHEAD,4
MT,BIG HORN,3
MT,BLAINE,2
MT,CARBON,1
MT,CASCADE,8
MT,CHOUTEAU,1
MT,CUSTER,1
MT,DEER LODGE,2
MT,FERGUS,2
MT,FLATHEAD,6
MT,GALLATIN,2
MT,GARFIELD,1
MT,GLACIER,5
MT,GRANITE,4
MT,HILL,1
MT,JEFFERSON,10
MT,LAKE,3
MT,LEWIS AND CLARK,14
MT,LINCOLN,5
MT,MADISON,2
MT,MINERAL,2
MT,MISSOULA,8
MT,MUSSELSHELL,2
MT,PARK,4
MT,POWELL,1
MT,RAVALLI,1
MT,ROOSEVELT,2
MT,ROSEBUD,2
MT,SANDERS,2
MT,SILVER BOW,4
MT,STILLWATER,2
MT,VALLEY,3
MT,WHEATLAND,1
MT,YELLOWSTONE,5
NC, NOT DEFINED ,32
NC,ALAMANCE,1
NC,ALLEGHANY,1
NC,ANSON,1
NC,ASHE,2
NC,BEAUFORT,4
NC,BLADEN,4
NC,BRUNSWICK,7
NC,BUNCOMBE,15
NC,BURKE,7
NC,CABARRUS,7
NC,CALDWELL,8
NC,CARTERET,4
NC,CASWELL,1
NC,CATAWBA,13
NC,CHATHAM,1
NC,CHEROKEE,1
NC,CLEVELAND,5
NC,COLUMBUS,10
NC,CRAVEN,9
NC,CUMBERLAND,13
NC,CURRITUCK,1
NC,DARE,3
NC,DAVIDSON,7
NC,DAVIE,2
NC,DUPLIN,6
NC,DURHAM,19
NC,EDGECOMBE,5
NC,FORSYTH,11
NC,FRANKLIN,1
NC,GASTON,18
NC,GRAHAM,2
NC,GRANVILLE,3
NC,GREENE,1
NC,GUILFORD,23
NC,HALIFAX,3
NC,HARNETT,3
NC,HAYWOOD,4
NC,HENDERSON,5
NC,HERTFORD,1
NC,HOKE,2
NC,HYDE,3
NC,IREDELL,16
NC,JACKSON,1
NC,JOHNSTON,8
NC,LEE,1
NC,LENOIR,6
NC,LINCOLN,4
NC,MADISON,1
NC,MARTIN,4
NC,MCDOWELL,3
NC,MECKLENBURG,47
NC,MITCHELL,3
NC,MONTGOMERY,1
NC,MOORE,8
NC,NASH,3
NC,NEW HANOVER,16
NC,NORTHAMPTON,1
NC,ONSLOW,2
NC,ORANGE,2
NC,PASQUOTANK,3
NC,PENDER,1
NC,PERQUIMANS,1
NC,PERSON,3
NC,PITT,10
NC,RANDOLPH,10
NC,RICHMOND,6
NC,ROBESON,4
NC,ROCKINGHAM,4
NC,ROWAN,9
NC,RUTHERFORD,1
NC,SAMPSON,1
NC,STANLY,3
NC,SURRY,2
NC,TRANSYLVANIA,1
NC,UNION,7
NC,VANCE,2
NC,WAKE,23
NC,WARREN,2
NC,WASHINGTON,1
NC,WATAUGA,1
NC,WAYNE,6
NC,WILSON,4
NC,YADKIN,1
NC,YANCEY,1
ND, NOT DEFINED ,1
ND,CASS,2
ND,CAVALIER,3
ND,GRAND FORKS,2
ND,MCLEAN,1
ND,MORTON,1
ND,PEMBINA,1
ND,RAMSEY,1
ND,RICHLAND,1
ND,ROLETTE,1
ND,SIOUX,1
ND,STUTSMAN,1
ND,WALSH,1
ND,WARD,3
ND,WILLIAMS,3
NE, NOT DEFINED ,14
NE,ADAMS,6
NE,BOX BUTTE,1
NE,BUFFALO,3
NE,BUTLER,2
NE,CASS,1
NE,CHERRY,1
NE,CHEYENNE,6
NE,CLAY,6
NE,DAKOTA,3
NE,DAWSON,2
NE,DOUGLAS,16
NE,GAGE,7
NE,GARDEN,2
NE,HALL,17
NE,HAMILTON,2
NE,HOLT,1
NE,JOHNSON,1
NE,KEITH,2
NE,KIMBALL,2
NE,KNOX,3
NE,LANCASTER,11
NE,MADISON,12
NE,MERRICK,1
NE,NEMAHA,1
NE,NUCKOLLS,1
NE,PHELPS,2
NE,PIERCE,2
NE,PLATTE,10
NE,POLK,1
NE,RED WILLOW,1
NE,SALINE,1
NE,SARPY,4
NE,SAUNDERS,7
NE,SCOTTS BLUFF,3
NE,SEWARD,2
NE,THOMAS,2
NE,YORK,6
NH, NOT DEFINED ,10
NH,BELKNAP,4
NH,CARROLL,1
NH,CHESHIRE,4
NH,COOS,4
NH,GRAFTON,2
NH,HILLSBOROUGH,30
NH,MERRIMACK,1
NH,ROCKINGHAM,23
NH,STRAFFORD,8
NH,SULLIVAN,2
NJ, NOT DEFINED ,36
NJ,ATLANTIC,27
NJ,BERGEN,79
NJ,BURLINGTON,40
NJ,CAMDEN,65
NJ,CAPE MAY,11
NJ,CUMBERLAND,25
NJ,ESSEX,98
NJ,GLOUCESTER,44
NJ,HUDSON,38
NJ,HUNTERDON,25
NJ,MERCER,35
NJ,MIDDLESEX,99
NJ,MONMOUTH,31
NJ,MORRIS,64
NJ,OCEAN,32
NJ,PASSAIC,31
NJ,SALEM,10
NJ,SOMERSET,38
NJ,SUSSEX,10
NJ,UNION,35
NJ,WARREN,15
NM, NOT DEFINED ,52
NM,BERNALILLO,31
NM,CATRON,2
NM,CHAVES,6
NM,CIBOLA,16
NM,COLFAX,3
NM,CURRY,3
NM,DEBACA,1
NM,DONA ANA,23
NM,EDDY,15
NM,GRANT,6
NM,LEA,3
NM,LINCOLN,1
NM,LOS ALAMOS,1
NM,LUNA,2
NM,MCKINLEY,43
NM,OTERO,7
NM,QUAY,1
NM,RIO ARRIBA,5
NM,ROOSEVELT,1
NM,SAN JUAN,19
NM,SAN MIGUEL,3
NM,SANDOVAL,5
NM,SANTA FE,9
NM,SIERRA,2
NM,SOCORRO,10
NM,TAOS,3
NM,UNION,1
NM,VALENCIA,3
NV, NOT DEFINED ,21
NV,CARSON CITY,8
NV,CHURCHILL,3
NV,CLARK,25
NV,DOUGLAS,3
NV,ELKO,21
NV,ESMERALDA,4
NV,EUREKA,5
NV,HUMBOLDT,7
NV,LANDER,8
NV,LINCOLN,5
NV,LYON,3
NV,MINERAL,4
NV,NYE,9
NV,PERSHING,6
NV,STOREY,2
NV,WASHOE,6
NV,WHITE PINE,5
NY, NOT DEFINED ,19
NY,ALBANY,12
NY,ALLEGANY,3
NY,BRONX,2
NY,BROOME,19
NY,CATTARAUGUS,8
NY,CAYUGA,7
NY,CHAUTAUQUA,13
NY,CHEMUNG,3
NY,CHENANGO,4
NY,CLINTON,3
NY,COLUMBIA,5
NY,CORTLAND,4
NY,DELAWARE,8
NY,DUTCHESS,21
NY,ERIE,67
NY,ESSEX,2
NY,FRANKLIN,5
NY,FULTON,18
NY,GENESEE,6
NY,GREENE,4
NY,HERKIMER,18
NY,JEFFERSON,5
NY,KINGS,28
NY,LEWIS,3
NY,LIVINGSTON,2
NY,MADISON,3
NY,MONROE,29
NY,MONTGOMERY,9
NY,NASSAU,48
NY,NEW YORK,12
NY,NIAGARA,48
NY,ONEIDA,23
NY,ONONDAGA,14
NY,ONTARIO,7
NY,ORANGE,19
NY,ORLEANS,4
NY,OSWEGO,9
NY,OTSEGO,2
NY,PUTNAM,7
NY,QUEENS,15
NY,RENSSELAER,15
NY,RICHMOND,12
NY,ROCKLAND,16
NY,SARATOGA,16
NY,SCHENECTADY,11
NY,SCHOHARIE,2
NY,SENECA,5
NY,ST LAWRENCE,9
NY,STEUBEN,4
NY,SUFFOLK,66
NY,SULLIVAN,4
NY,TIOGA,4
NY,TOMPKINS,3
NY,ULSTER,12
NY,WARREN,2
NY,WASHINGTON,16
NY,WAYNE,2
NY,WESTCHESTER,15
NY,WYOMING,3
NY,YATES,2
OH, NOT DEFINED ,30
OH,ALLEN,9
OH,ASHLAND,3
OH,ASHTABULA,21
OH,ATHENS,1
OH,AUGLAIZE,1
OH,BELMONT,10
OH,BROWN,2
OH,BUTLER,11
OH,CARROLL,1
OH,CHAMPAIGN,4
OH,CLARK,15
OH,CLERMONT,4
OH,COLUMBIANA,8
OH,COSHOCTON,5
OH,CRAWFORD,1
OH,CUYAHOGA,70
OH,DARKE,4
OH,DEFIANCE,3
OH,DELAWARE,3
OH,ERIE,3
OH,FAIRFIELD,1
OH,FRANKLIN,23
OH,FULTON,3
OH,GALLIA,1
OH,GEAUGA,5
OH,GREENE,8
OH,GUERNSEY,5
OH,HAMILTON,47
OH,HANCOCK,6
OH,HARRISON,1
OH,HENRY,2
OH,HOCKING,2
OH,HURON,1
OH,JACKSON,2
OH,JEFFERSON,9
OH,LAKE,6
OH,LAWRENCE,11
OH,LICKING,12
OH,LORAIN,15
OH,LUCAS,52
OH,MAHONING,10
OH,MARION,3
OH,MEDINA,2
OH,MIAMI,10
OH,MONROE,2
OH,MONTGOMERY,44
OH,MORROW,4
OH,MUSKINGUM,7
OH,NOBLE,1
OH,OTTAWA,2
OH,PAULDING,1
OH,PERRY,9
OH,PICKAWAY,4
OH,PIKE,3
OH,PORTAGE,11
OH,PUTNAM,3
OH,RICHLAND,10
OH,SANDUSKY,10
OH,SCIOTO,4
OH,SENECA,5
OH,SHELBY,4
OH,STARK,18
OH,SUMMIT,25
OH,TRUMBULL,12
OH,TUSCARAWAS,8
OH,UNION,5
OH,VAN WERT,2
OH,WARREN,9
OH,WASHINGTON,9
OH,WAYNE,4
OH,WILLIAMS,2
OH,WOOD,4
OH,WYANDOT,2
OK, NOT DEFINED ,17
OK,ADAIR,1
OK,BECKHAM,1
OK,BRYAN,3
OK,CADDO,13
OK,CANADIAN,4
OK,CARTER,1
OK,CHEROKEE,2
OK,CLEVELAND,1
OK,COMANCHE,2
OK,CREEK,5
OK,ELLIS,1
OK,GARFIELD,4
OK,GRADY,3
OK,GRANT,1
OK,GREER,1
OK,HUGHES,1
OK,JACKSON,1
OK,JOHNSTON,1
OK,KAY,8
OK,KINGFISHER,1
OK,LE FLORE,1
OK,LINCOLN,1
OK,MARSHALL,1
OK,MAYES,6
OK,MCCLAIN,2
OK,MCINTOSH,1
OK,MURRAY,1
OK,MUSKOGEE,3
OK,NOWATA,4
OK,OKLAHOMA,23
OK,OKMULGEE,6
OK,OSAGE,1
OK,OTTAWA,8
OK,PAWNEE,3
OK,PAYNE,6
OK,PITTSBURG,2
OK,PONTOTOC,1
OK,POTTAWATOMIE,2
OK,PUSHMATAHA,1
OK,ROGERS,2
OK,SEMINOLE,2
OK,SEQUOYAH,2
OK,STEPHENS,2
OK,TULSA,14
OK,WAGONER,1
OK,WASHINGTON,6
OK,WOODS,1
OK,WOODWARD,2
OR, NOT DEFINED ,13
OR,BAKER,17
OR,BENTON,6
OR,CLACKAMAS,12
OR,CLATSOP,7
OR,COLUMBIA,8
OR,COOS,6
OR,CROOK,8
OR,DESCHUTES,1
OR,DOUGLAS,9
OR,GILLIAM,1
OR,GRANT,7
OR,HARNEY,2
OR,HOOD RIVER,2
OR,JACKSON,8
OR,JEFFERSON,2
OR,JOSEPHINE,7
OR,KLAMATH,8
OR,LAKE,8
OR,LANE,16
OR,LINCOLN,2
OR,LINN,10
OR,MALHEUR,7
OR,MARION,11
OR,MORROW,4
OR,MULTNOMAH,58
OR,POLK,7
OR,SHERMAN,2
OR,TILLAMOOK,3
OR,UMATILLA,6
OR,WALLOWA,2
OR,WASCO,5
OR,WASHINGTON,6
OR,YAMHILL,3
PA, NOT DEFINED ,32
PA,ADAMS,7
PA,ALLEGHENY,27
PA,ARMSTRONG,5
PA,BEDFORD,1
PA,BERKS,39
PA,BLAIR,4
PA,BRADFORD,1
PA,BUCKS,21
PA,BUTLER,4
PA,CARBON,4
PA,CENTRE,2
PA,CHESTER,18
PA,CLEARFIELD,2
PA,CLINTON,1
PA,COLUMBIA,2
PA,CRAWFORD,7
PA,CUMBERLAND,3
PA,DAUPHIN,2
PA,DELAWARE,15
PA,ELK,2
PA,ERIE,8
PA,FAYETTE,1
PA,FRANKLIN,2
PA,JEFFERSON,1
PA,LACKAWANNA,9
PA,LANCASTER,9
PA,LAWRENCE,2
PA,LEBANON,2
PA,LEHIGH,11
PA,LUZERNE,12
PA,LYCOMING,2
PA,MCKEAN,8
PA,MERCER,6
PA,MIFFLIN,1
PA,MONROE,6
PA,MONTGOMERY,43
PA,MONTOUR,1
PA,NORTHAMPTON,4
PA,NORTHUMBERLAND,2
PA,PHILADELPHIA,48
PA,PIKE,2
PA,SCHUYLKILL,8
PA,SNYDER,1
PA,SOMERSET,1
PA,SUSQUEHANNA,2
PA,UNION,1
PA,VENANGO,3
PA,WARREN,2
PA,WASHINGTON,5
PA,WESTMORELAND,2
PA,YORK,9
PR, NOT DEFINED ,77
PR,AGUADILLA,3
PR,ANASCO,1
PR,ARECIBO,10
PR,BARCELONETA,4
PR,BAYAMON,8
PR,CABO ROJO,14
PR,CAGUAS,11
PR,CAMUY,1
PR,CANOVANAS,3
PR,CAROLINA,8
PR,CATANO,5
PR,CAYEY,19
PR,CEIBA,1
PR,CIALES,2
PR,CIDRA,14
PR,COMERIO,1
PR,COROZAL,1
PR,CULEBRA,1
PR,DORADO,4
PR,GUANICA,1
PR,GUAYAMA,2
PR,GUAYANILLA,1
PR,GUAYNABO,4
PR,GURABO,2
PR,HORMIGUEROS,1
PR,HUMACAO,1
PR,JAYUYA,2
PR,JUANA DIAZ,3
PR,JUNCOS,2
PR,LOIZA,1
PR,LUQUILLO,1
PR,MANATI,3
PR,MAUNABO,8
PR,MAYAGUEZ,3
PR,MOCA,1
PR,PATILLAS,1
PR,PENUELAS,5
PR,PONCE,6
PR,RIO GRANDE,1
PR,SABANA GRANDE,1
PR,SALINAS,1
PR,SAN GERMAN,4
PR,SAN JUAN,28
PR,SANTA ISABEL,1
PR,TOA ALTA,2
PR,TOA BAJA,2
PR,VEGA ALTA,4
PR,VEGA BAJA,3
PR,VIEQUES,5
PR,YABUCOA,2
PR,YAUCO,2
PW, NOT DEFINED ,3
RI, NOT DEFINED ,11
RI,BRISTOL,4
RI,KENT,13
RI,NEWPORT,25
RI,PROVIDENCE,54
RI,WASHINGTON,36
SC, NOT DEFINED ,20
SC,ABBEVILLE,1
SC,AIKEN,11
SC,ALLENDALE,5
SC,ANDERSON,14
SC,BAMBERG,1
SC,BARNWELL,7
SC,BEAUFORT,10
SC,BERKELEY,2
SC,CALHOUN,1
SC,CHARLESTON,42
SC,CHEROKEE,5
SC,CHESTER,7
SC,CHESTERFIELD,5
SC,CLARENDON,1
SC,COLLETON,1
SC,DARLINGTON,3
SC,DILLON,3
SC,DORCHESTER,3
SC,EDGEFIELD,1
SC,FAIRFIELD,1
SC,FLORENCE,2
SC,GEORGETOWN,2
SC,GREENVILLE,33
SC,GREENWOOD,3
SC,HAMPTON,2
SC,HORRY,6
SC,JASPER,1
SC,KERSHAW,1
SC,LANCASTER,1
SC,LAURENS,7
SC,LEE,3
SC,LEXINGTON,15
SC,MARION,2
SC,MARLBORO,7
SC,MCCORMICK,1
SC,NEWBERRY,3
SC,OCONEE,1
SC,ORANGEBURG,5
SC,PICKENS,3
SC,RICHLAND,19
SC,SPARTANBURG,19
SC,SUMTER,3
SC,WILLIAMSBURG,3
SC,YORK,9
SD, NOT DEFINED ,1
SD,BON HOMME,1
SD,BROWN,1
SD,BUFFALO,1
SD,CHARLES MIX,3
SD,CODINGTON,1
SD,CORSON,1
SD,CUSTER,3
SD,DEWEY,3
SD,FALL RIVER,5
SD,HARDING,2
SD,HUGHES,2
SD,LAKE,1
SD,LAWRENCE,6
SD,MARSHALL,1
SD,MEADE,1
SD,MINNEHAHA,6
SD,PENNINGTON,3
SD,ROBERTS,1
SD,SHANNON,1
SD,TODD,1
SD,YANKTON,3
TN, NOT DEFINED ,24
TN,ANDERSON,6
TN,BEDFORD,3
TN,BENTON,4
TN,BLOUNT,4
TN,BRADLEY,3
TN,CAMPBELL,2
TN,CANNON,1
TN,CARROLL,3
TN,CARTER,5
TN,CHEATHAM,1
TN,CLAIBORNE,1
TN,CLAY,1
TN,COCKE,4
TN,COFFEE,3
TN,CROCKETT,3
TN,CUMBERLAND,1
TN,DAVIDSON,12
TN,DECATUR,2
TN,DEKALB,1
TN,DICKSON,3
TN,DYER,1
TN,FAYETTE,6
TN,GIBSON,7
TN,GILES,3
TN,GREENE,4
TN,HAMBLEN,6
TN,HAMILTON,35
TN,HARDEMAN,2
TN,HARDIN,5
TN,HAWKINS,5
TN,HAYWOOD,1
TN,HENDERSON,1
TN,HENRY,4
TN,HICKMAN,1
TN,HUMPHREYS,3
TN,JACKSON,2
TN,JEFFERSON,5
TN,KNOX,16
TN,LAKE,1
TN,LAUDERDALE,3
TN,LAWRENCE,3
TN,LINCOLN,1
TN,LOUDON,7
TN,MADISON,11
TN,MARION,2
TN,MARSHALL,5
TN,MAURY,5
TN,MCMINN,6
TN,MCNAIRY,2
TN,MONROE,2
TN,MONTGOMERY,1
TN,MORGAN,1
TN,OBION,3
TN,OVERTON,1
TN,PERRY,2
TN,POLK,8
TN,RHEA,6
TN,ROANE,8
TN,ROBERTSON,1
TN,RUTHERFORD,6
TN,SCOTT,5
TN,SEQUATCHIE,1
TN,SEVIER,1
TN,SHELBY,73
TN,SMITH,1
TN,STEWART,2
TN,SULLIVAN,10
TN,SUMNER,4
TN,TIPTON,2
TN,UNICOI,3
TN,WARREN,1
TN,WASHINGTON,1
TN,WAYNE,3
TN,WILLIAMSON,3
TN,WILSON,3
TX, NOT DEFINED ,68
TX,ANDERSON,1
TX,ANGELINA,1
TX,AUSTIN,2
TX,BASTROP,2
TX,BEE,1
TX,BELL,3
TX,BEXAR,25
TX,BORDEN,1
TX,BOSQUE,1
TX,BOWIE,4
TX,BRAZORIA,9
TX,BRAZOS,1
TX,BREWSTER,4
TX,BURNET,2
TX,CALDWELL,1
TX,CALHOUN,2
TX,CAMERON,4
TX,CARSON,1
TX,CHAMBERS,2
TX,CLAY,1
TX,COLLIN,9
TX,COLORADO,1
TX,COMAL,1
TX,COOKE,1
TX,CORYELL,1
TX,CROCKETT,1
TX,DALLAS,54
TX,DENTON,8
TX,EASTLAND,3
TX,ECTOR,14
TX,EL PASO,6
TX,ELLIS,7
TX,FANNIN,1
TX,FORT BEND,1
TX,FREESTONE,1
TX,GALVESTON,8
TX,GRAYSON,4
TX,GREGG,1
TX,GRIMES,1
TX,HALE,1
TX,HARRIS,84
TX,HARRISON,4
TX,HAYS,1
TX,HENDERSON,4
TX,HIDALGO,5
TX,HOCKLEY,3
TX,HOOD,1
TX,HOUSTON,1
TX,HOWARD,2
TX,HUNT,3
TX,HUTCHINSON,1
TX,JASPER,2
TX,JEFFERSON,16
TX,JOHNSON,3
TX,JONES,1
TX,KARNES,1
TX,KAUFMAN,7
TX,KERR,2
TX,KINNEY,1
TX,KLEBERG,1
TX,LAMPASAS,1
TX,LAVACA,1
TX,LEON,1
TX,LIBERTY,2
TX,LIVE OAK,1
TX,LLANO,1
TX,LUBBOCK,2
TX,MADISON,2
TX,MAVERICK,1
TX,MCLENNAN,2
TX,MEDINA,2
TX,MIDLAND,4
TX,MONTAGUE,1
TX,MONTGOMERY,4
TX,MOORE,1
TX,NACOGDOCHES,2
TX,NUECES,13
TX,OCHILTREE,1
TX,ORANGE,4
TX,PALO PINTO,4
TX,PARKER,3
TX,POTTER,3
TX,PRESIDIO,1
TX,RAINS,2
TX,REEVES,2
TX,ROCKWALL,1
TX,SAN PATRICIO,2
TX,SMITH,3
TX,SWISHER,1
TX,TARRANT,31
TX,TAYLOR,3
TX,TERRY,2
TX,TITUS,1
TX,TOM GREEN,2
TX,TRAVIS,2
TX,UPSHUR,2
TX,UPTON,1
TX,UVALDE,1
TX,VAL VERDE,1
TX,VAN ZANDT,1
TX,VICTORIA,1
TX,WALLER,1
TX,WASHINGTON,2
TX,WEBB,1
TX,WICHITA,3
TX,WINKLER,2
TX,WISE,2
TX,WOOD,2
TX,ZAVALA,1
UM,BAKER ISLAND,1
UM,JOHNSTON ISLAND,1
UM,MIDWAY ISLANDS,1
UM,WAKE ISLAND,1
UT, NOT DEFINED ,18
UT,BEAVER,1
UT,BOX ELDER,4
UT,CACHE,1
UT,DAGGETT,1
UT,DAVIS,15
UT,DUCHESNE,1
UT,EMERY,2
UT,GARFIELD,2
UT,GRAND,1
UT,IRON,4
UT,JUAB,4
UT,KANE,1
UT,PIUTE,2
UT,SALT LAKE,65
UT,SAN JUAN,14
UT,SANPETE,1
UT,SUMMIT,8
UT,TOOELE,37
UT,UINTAH,3
UT,UTAH,9
UT,WASATCH,1
UT,WASHINGTON,6
UT,WAYNE,1
UT,WEBER,8
VA, NOT DEFINED ,20
VA,ACCOMACK,2
VA,ALBEMARLE,3
VA,ALEXANDRIA CITY,4
VA,ALLEGHANY,1
VA,ARLINGTON,8
VA,AUGUSTA,2
VA,BOTETOURT,1
VA,BRISTOL CITY,2
VA,BRUNSWICK,1
VA,BUCKINGHAM,2
VA,CAROLINE,1
VA,CARROLL,1
VA,CHESAPEAKE CITY,9
VA,CHESTERFIELD,7
VA,CULPEPER,2
VA,DANVILLE CITY,1
VA,ESSEX,1
VA,FAIRFAX,8
VA,FAUQUIER,2
VA,FRANKLIN,1
VA,FREDERICK,2
VA,GRAYSON,1
VA,GREENSVILLE,1
VA,HALIFAX,3
VA,HAMPTON CITY,2
VA,HANOVER,4
VA,HENRICO,6
VA,HENRY,2
VA,ISLE OF WIGHT,1
VA,KING GEORGE,1
VA,KING WILLIAM,1
VA,LOUDOUN,1
VA,LUNENBURG,1
VA,MANASSAS CITY,1
VA,MECKLENBURG,1
VA,MONTGOMERY,1
VA,NELSON,1
VA,NEW KENT,1
VA,NEWPORT NEWS CITY,1
VA,NORFOLK CITY,4
VA,NORTHAMPTON,2
VA,NOTTOWAY,1
VA,ORANGE,1
VA,PAGE,1
VA,PETERSBURG CITY,1
VA,PITTSYLVANIA,4
VA,POQUOSON CITY,1
VA,PORTSMOUTH CITY,8
VA,PRINCE GEORGE,1
VA,PRINCE WILLIAM,3
VA,PULASKI,4
VA,RICHMOND CITY,1
VA,ROANOKE,2
VA,ROANOKE CITY,1
VA,ROCKBRIDGE,1
VA,ROCKINGHAM,1
VA,SHENANDOAH,1
VA,SMYTH,8
VA,SOUTHAMPTON,1
VA,SPOTSYLVANIA,1
VA,STAFFORD,1
VA,SUFFOLK CITY,4
VA,SUSSEX,1
VA,TAZEWELL,1
VA,VIRGINIA BEACH CITY,6
VA,WARREN,3
VA,WESTMORELAND,1
VA,WILLIAMSBURG CITY,1
VA,WINCHESTER CITY,1
VA,WISE,3
VA,WYTHE,1
VA,YORK,5
VI, NOT DEFINED ,4
VI,ST CROIX,22
VI,ST JOHN,3
VI,ST THOMAS,11
VT, NOT DEFINED ,3
VT,BENNINGTON,10
VT,CALEDONIA,4
VT,CHITTENDEN,10
VT,LAMOILLE,1
VT,ORANGE,6
VT,RUTLAND,1
VT,WINDHAM,5
VT,WINDSOR,2
WA, NOT DEFINED ,18
WA,ADAMS,1
WA,BENTON,10
WA,CHELAN,4
WA,CLALLAM,9
WA,CLARK,13
WA,COWLITZ,2
WA,DOUGLAS,2
WA,FERRY,6
WA,FRANKLIN,4
WA,GRANT,7
WA,GRAYS HARBOR,4
WA,ISLAND,4
WA,JEFFERSON,3
WA,KING,38
WA,KITSAP,17
WA,KITTITAS,1
WA,KLICKITAT,1
WA,LEWIS,7
WA,LINCOLN,3
WA,MASON,1
WA,OKANOGAN,19
WA,PACIFIC,3
WA,PEND OREILLE,3
WA,PIERCE,71
WA,SKAGIT,5
WA,SKAMANIA,3
WA,SNOHOMISH,12
WA,SPOKANE,20
WA,STEVENS,14
WA,THURSTON,4
WA,WALLA WALLA,4
WA,WHATCOM,11
WA,WHITMAN,1
WA,YAKIMA,15
WI, NOT DEFINED ,16
WI,ADAMS,2
WI,ASHLAND,4
WI,BAYFIELD,4
WI,BROWN,11
WI,BUFFALO,1
WI,BURNETT,1
WI,CALUMET,6
WI,CHIPPEWA,3
WI,CLARK,1
WI,COLUMBIA,1
WI,CRAWFORD,1
WI,DANE,15
WI,DODGE,7
WI,DOOR,1
WI,DOUGLAS,3
WI,EAU CLAIRE,2
WI,FLORENCE,2
WI,FOND DU LAC,7
WI,FOREST,7
WI,GREEN LAKE,1
WI,JEFFERSON,9
WI,JUNEAU,3
WI,KENOSHA,8
WI,KEWAUNEE,2
WI,LA CROSSE,5
WI,LAFAYETTE,1
WI,LANGLADE,1
WI,LINCOLN,1
WI,MANITOWOC,9
WI,MARATHON,9
WI,MARINETTE,5
WI,MARQUETTE,1
WI,MENOMINEE,1
WI,MILWAUKEE,49
WI,MONROE,5
WI,OCONTO,7
WI,ONEIDA,6
WI,OUTAGAMIE,10
WI,OZAUKEE,9
WI,PEPIN,1
WI,PIERCE,2
WI,POLK,1
WI,PORTAGE,1
WI,RACINE,2
WI,ROCK,5
WI,RUSK,2
WI,SAUK,5
WI,SAWYER,2
WI,SHAWANO,1
WI,SHEBOYGAN,4
WI,ST CROIX,4
WI,TAYLOR,3
WI,VILAS,4
WI,WALWORTH,5
WI,WASHINGTON,6
WI,WAUKESHA,17
WI,WAUPACA,4
WI,WINNEBAGO,11
WI,WOOD,3
WV, NOT DEFINED ,9
WV,BARBOUR,1
WV,BERKELEY,3
WV,BRAXTON,1
WV,BROOKE,3
WV,CABELL,6
WV,FAYETTE,4
WV,HANCOCK,6
WV,HARRISON,2
WV,JACKSON,1
WV,JEFFERSON,6
WV,KANAWHA,16
WV,MARION,4
WV,MARSHALL,3
WV,MASON,7
WV,MCDOWELL,1
WV,MERCER,4
WV,MINERAL,2
WV,MINGO,2
WV,MONONGALIA,5
WV,MONROE,1
WV,NICHOLAS,2
WV,OHIO,1
WV,PENDLETON,2
WV,PLEASANTS,1
WV,PRESTON,1
WV,PUTNAM,12
WV,RALEIGH,2
WV,RITCHIE,4
WV,WAYNE,1
WV,WEBSTER,1
WV,WETZEL,1
WV,WOOD,3
WV,WYOMING,1
WY, NOT DEFINED ,3
WY,ALBANY,4
WY,BIG HORN,3
WY,CAMPBELL,2
WY,CARBON,4
WY,CONVERSE,2
WY,CROOK,4
WY,FREMONT,6
WY,HOT SPRINGS,1
WY,JOHNSON,1
WY,LARAMIE,13
WY,LINCOLN,3
WY,NATRONA,4
WY,PARK,3
WY,PLATTE,3
WY,SHERIDAN,2
WY,SUBLETTE,3
WY,SWEETWATER,2
WY,WASHAKIE,2
